{
    "10": {
        "toughness": 443,
        "sca": [
            3,
            3,
            3
        ],
        "pos": [
            -105,
            242,
            421.69999999999999
        ],
        "ability_item": 216120401,
        "growth": 100,
        "crit": 590,
        "name_pic": "0033.png",
        "rot": [
            0,
            -180,
            0
        ],
        "growth_item": 216120402,
        "defence": 3689,
        "attack": 7378,
        "health": 73780,
        "dodge": 590,
        "update_sca": [
            3.2999999999999998,
            3.2999999999999998,
            3.2999999999999998
        ],
        "hit": 738,
        "ability": 200,
        "update_rot": [
            0,
            -180,
            0
        ],
        "name": "仙童10阶",
        "update_pos": [
            -232,
            -122,
            -500
        ],
        "base_equ": [
            121010101,
            121020101,
            121030101
        ],
        "ex_param": 3,
        "reduction_multi": 2000,
        "model": "700000001",
        "fail_prop": {
            "attack": 8
        },
        "model_name": "700000009"
    },
    "1": {
        "toughness": 5,
        "sca": [
            3,
            3,
            3
        ],
        "pos": [
            -105,
            242,
            421.69999999999999
        ],
        "ability_item": 216120401,
        "growth": 0,
        "ex_param": 3,
        "crit": 7,
        "name_pic": "0039.png",
        "rot": [
            0,
            -180,
            0
        ],
        "growth_item": 216120402,
        "defence": 44,
        "add_skill": 400070002,
        "attack": 88,
        "health": 880,
        "dodge": 7,
        "update_sca": [
            3.2999999999999998,
            3.2999999999999998,
            3.2999999999999998
        ],
        "hit": 9,
        "ability": 0,
        "update_rot": [
            0,
            -180,
            0
        ],
        "update_pos": [
            -232,
            -122,
            -500
        ],
        "name": "仙童1阶",
        "success": [
            [
                0,
                59,
                0
            ],
            [
                60,
                72,
                10000
            ],
            [
                73,
                80,
                10000
            ]
        ],
        "clear": 0,
        "base_equ": [
            121010101,
            121020101,
            121030101
        ],
        "model_name": "700000001",
        "bless": [
            9,
            11
        ],
        "item": [
            216110402,
            216110401
        ],
        "amount": 2,
        "reduction_multi": 0,
        "model": "700000001",
        "reward": 201051,
        "fail_prop": {
            "attack": 4
        }
    },
    "3": {
        "toughness": 27,
        "sca": [
            3,
            3,
            3
        ],
        "pos": [
            -105,
            242,
            421.69999999999999
        ],
        "ability_item": 216120401,
        "growth": 0,
        "ex_param": 3,
        "crit": 36,
        "name_pic": "0037.png",
        "rot": [
            0,
            -180,
            0
        ],
        "growth_item": 216120402,
        "defence": 224,
        "add_skill": 400070003,
        "attack": 448,
        "health": 4480,
        "dodge": 36,
        "update_sca": [
            3.2999999999999998,
            3.2999999999999998,
            3.2999999999999998
        ],
        "hit": 45,
        "ability": 5,
        "update_rot": [
            0,
            -180,
            0
        ],
        "update_pos": [
            -232,
            -122,
            -500
        ],
        "name": "仙童3阶",
        "success": [
            [
                0,
                134,
                0
            ],
            [
                135,
                148,
                450
            ],
            [
                149,
                157,
                4000
            ],
            [
                158,
                173,
                10000
            ],
            [
                174,
                198,
                10000
            ]
        ],
        "clear": 0,
        "base_equ": [
            121010101,
            121020101,
            121030101
        ],
        "model_name": "700000003",
        "bless": [
            9,
            11
        ],
        "item": [
            216110402,
            216110401
        ],
        "amount": 4,
        "reduction_multi": 0,
        "model": "700000001",
        "reward": 201053,
        "fail_prop": {
            "attack": 5
        }
    },
    "2": {
        "toughness": 16,
        "sca": [
            3,
            3,
            3
        ],
        "pos": [
            -105,
            242,
            421.69999999999999
        ],
        "ability_item": 216120401,
        "growth": 0,
        "ex_param": 3,
        "crit": 22,
        "name_pic": "0038.png",
        "rot": [
            0,
            -180,
            0
        ],
        "growth_item": 216120402,
        "defence": 134,
        "attack": 268,
        "health": 2680,
        "dodge": 22,
        "update_sca": [
            3.2999999999999998,
            3.2999999999999998,
            3.2999999999999998
        ],
        "hit": 27,
        "ability": 0,
        "update_rot": [
            0,
            -180,
            0
        ],
        "update_pos": [
            -232,
            -122,
            -500
        ],
        "name": "仙童2阶",
        "success": [
            [
                0,
                79,
                0
            ],
            [
                80,
                87,
                500
            ],
            [
                88,
                90,
                4000
            ],
            [
                91,
                102,
                10000
            ],
            [
                103,
                114,
                10000
            ]
        ],
        "clear": 0,
        "base_equ": [
            121010101,
            121020101,
            121030101
        ],
        "fail_prop": {
            "attack": 4
        },
        "bless": [
            9,
            11
        ],
        "item": [
            216110402,
            216110401
        ],
        "amount": 3,
        "reduction_multi": 0,
        "model": "700000001",
        "reward": 201052,
        "model_name": "700000002"
    },
    "5": {
        "toughness": 86,
        "sca": [
            3,
            3,
            3
        ],
        "pos": [
            -105,
            242,
            421.69999999999999
        ],
        "ability_item": 216120401,
        "growth": 15,
        "ex_param": 3,
        "crit": 115,
        "name_pic": "0035.png",
        "rot": [
            0,
            -180,
            0
        ],
        "growth_item": 216120402,
        "defence": 719,
        "add_skill": 400070004,
        "attack": 1438,
        "health": 14380,
        "dodge": 115,
        "update_sca": [
            3.2999999999999998,
            3.2999999999999998,
            3.2999999999999998
        ],
        "hit": 144,
        "ability": 30,
        "update_rot": [
            0,
            -180,
            0
        ],
        "update_pos": [
            -232,
            -122,
            -500
        ],
        "name": "仙童5阶",